{"BBox":[114.12568611431499,30.458512776800877,114.5006975229209,30.708511874447424],"Layers":{"layerId":0,"layerName":"中心线","layerType":"Lin","layerDate":1381672723991,"attStruct":{"fldName":["ID","长度","道路名称","道路等级"],"fldNumber":4,"fldType":["long","double","string","string"]}}}